ID,SIM,interval,ETA1,ETA2,ETA3,ETA4
1,0,4,-0.0149877166218402,0.000610610821208813,-0.114024406446128,0.104078917793992
2,0,4,-0.0210987946496294,0.000419353575752882,-0.123751616976991,0.136986236149765
3,0,4,0.0359085213096693,-0.00327549881604697,-0.0963770661073095,0.00591641870188457
4,0,4,-0.0436103880225599,0.00339531525784378,-0.0376063573262626,0.0991639740827471
5,0,4,0.0428495215365911,-0.00480471616416093,-0.140780072627613,0.0557657541729616
6,0,4,0.0449916370519112,-0.00601986199674659,-0.151786538367945,0.107256876145275
7,0,4,0.139823866935983,-0.0122422058016319,-0.136616440164624,-0.126069391117254
8,0,4,0.102300889586654,-0.0128088377720055,-0.193022009475613,0.10530492110538
9,0,4,-0.0327052418681985,0.00294278963603247,0.0207138465941099,0.0196535798817354
10,0,4,0.0544459612471061,-0.00485456844971115,-0.087213482009256,-0.0222030655321933
11,0,4,0.0313307942396192,-0.0039800655363158,-0.0957908797936918,0.0698942323291205
12,0,4,0.145882380082932,-0.0138120767603834,-0.0827746170412747,-0.136420746151931
1,1,4,-0.0499613078866183,0.00285705600288389,-0.112551791474505,0.171003314561262
2,1,4,-0.116455522531995,0.0108201865727266,0.0600373269977152,0.0907412144221476
3,1,4,0.144577678303083,-0.0168997775838166,-0.369883230534068,0.109286937502609
4,1,4,0.0905296607431537,-0.00752382559388155,0.24831509105373,-0.305136487103109
5,1,4,-0.0817524320910763,0.00414780490904017,-0.0522556800862055,0.244227834744788
6,1,4,-0.310508105799846,0.024326345716787,0.118638882094255,0.400993954726076
7,1,4,0.117125322305424,-0.0112031655221313,0.0847646578911789,-0.214283116726034
8,1,4,-0.255414745101238,0.0216073513992564,0.169024251652275,0.170157695572831
9,1,4,0.1516913074204,-0.0146045130990258,-0.0178045788288372,-0.175952506190225
10,1,4,0.0333267720604914,-0.00298595771095563,-0.0280883407163626,-0.0290107360029962
11,1,4,0.233760416623672,-0.0228632297630896,-0.279898624362282,-0.116440921951901
12,1,4,-0.351546809154298,0.0268500035027484,0.0132844904129943,0.52061438596289
1,2,4,0.0495315835028993,-0.00392499645863767,-0.185917686603244,0.0258749554444144
2,2,4,0.418290119757628,-0.0502003308971376,0.175504548978606,-0.587876596246257
3,2,4,0.487973729468436,-0.0471234992088128,-0.462953490476727,-0.444595818687966
4,2,4,-0.0636161966995117,0.0039751317934003,-0.0383741115732754,0.161694367451735
5,2,4,-0.0827500059783938,0.00465138634138035,-0.0376943996994944,0.224014138654709
6,2,4,-0.542037252469793,0.0411951025659073,0.334648501291963,0.329347798407781
7,2,4,0.258864495011501,-0.0292826216339621,0.280888785414131,-0.472485825393694
8,2,4,-0.75140315986849,0.0432206503183605,0.0805644200472348,1.1295623700622
9,2,4,0.382990721078166,-0.0426104525263278,0.0705596412778974,-0.435806067362658
10,2,4,0.160917306431665,-0.016114010423637,0.125347593430379,-0.289056861064296
11,2,4,0.201381014997883,-0.0216013856455568,-0.328791432271358,0.0124417500718286
12,2,4,-0.538144125608801,0.039406054919624,0.282476284889362,0.293193511182376
1,3,4,-0.0250388504286273,0.00135031701765072,-0.105021088214613,0.116860599130922
2,3,4,0.500251972849519,-0.0605672906557454,0.0596951261831097,-0.628119579395417
3,3,4,-0.147209580185668,0.0118192925823644,0.0478121170296183,0.186118403568208
4,3,4,0.414469366053421,-0.0605478448190555,0.770633932455805,-0.894190419071519
5,3,4,0.0285071211146946,-0.00574598729324954,-0.203587783928343,0.173485837984479
6,3,4,0.338682756594801,-0.0330018984937173,-0.628072025431952,-0.0784853519722581
7,3,4,-0.260336655880952,0.0213858305446166,0.17348078875627,0.246015078123398
8,3,4,0.394147201585536,-0.0457664211888768,0.139856461372958,-0.50381966343382
9,3,4,0.290162700047028,-0.0306169158068217,0.0414985918158745,-0.362743591392197
10,3,4,-0.0838174741310153,0.00616836425374119,-0.0627189991116199,0.186778337913495
11,3,4,-0.194140737329801,0.0169356888792579,0.136982331028143,0.112677977685054
12,3,4,0.0881879154749383,-0.0108976749382067,-0.185100915326565,0.149058243685463
1,4,4,0.208741226301881,-0.0240483991224235,0.399396708345027,-0.499989447132362
2,4,4,0.400384473288693,-0.0491464915734274,0.255488424762343,-0.597662088403103
3,4,4,0.143174097067558,-0.0156182867688119,-0.323335636656709,0.0617805502150046
4,4,4,0.2348556959738,-0.0284703456554781,0.47074608309451,-0.564631424239714
5,4,4,0.613970263233621,-0.0848166382067446,0.356581485137378,-0.831372918225476
6,4,4,0.0629208331141241,-0.00578415034316055,0.131275420883991,-0.195246071349338
7,4,4,0.338986743612319,-0.0429818167984556,0.453821532674082,-0.636358052518101
8,4,4,0.140102093088155,-0.0164596773156255,-0.313735682258795,0.110883924447455
9,4,4,0.298841638472344,-0.0300882246533522,-0.20597434386106,-0.204907563142903
10,4,4,0.209407709226357,-0.0228846587221075,0.245752267420425,-0.405841258598864
11,4,4,0.222689256755173,-0.0219694887339297,-0.0897740862309745,-0.219267847543052
12,4,4,0.439705229855236,-0.0510234415523063,0.118921864672398,-0.513915689183943
1,5,4,0.0642346977518389,-0.00503512150611485,-0.0598350070097099,-0.0738242233944686
2,5,4,-0.00297751222589437,-0.00163777640144875,-0.144914042065787,0.137810732346269
3,5,4,0.241277735173299,-0.0254591165547941,-0.280583175938954,-0.0868480530150265
4,5,4,0.219811668887257,-0.0266017738571376,0.50232406414485,-0.573960223763816
5,5,4,-0.402619249293544,0.0306367969539487,0.218191971931225,0.467535530103997
6,5,4,-0.283882479125555,0.0195640758009093,-0.0512493365630829,0.564075129371951
7,5,4,0.152909357308736,-0.0152841437623007,0.130154430958751,-0.282557435523226
8,5,4,-0.416522709100847,0.0332045359941215,0.258824709022408,0.278143458480776
9,5,4,-0.231464602726776,0.0193091107606777,0.114963055232629,0.235180274316277
10,5,4,0.322688344330618,-0.0405720735745532,0.442765978881017,-0.617066781644549
11,5,4,0.229189358743567,-0.0236471168449607,0.055464605527477,-0.306415515553049
12,5,4,-0.131001190471401,0.0116167188325442,0.127927775406465,0.0341729161687218
1,6,4,0.187267856151109,-0.0163370780061988,0.00285350366502864,-0.297828584925771
2,6,4,0.0566810143369046,-0.00873429285410597,-0.288332169746419,0.174042456213939
3,6,4,-0.110198807445895,0.00982819350683544,0.0255951642364968,0.0888322898455773
4,6,4,-0.353723067551789,0.0260439157027859,0.17387379679364,0.457743555143385
5,6,4,-0.326416286528949,0.0232642421434458,0.0492080631935429,0.530464836960551
6,6,4,0.185807526525489,-0.0184653683913694,-0.218363317620421,-0.080227416679318
7,6,4,-0.297082665651811,0.0176150421532684,-0.157064376501514,0.669273689386803
8,6,4,0.179370778929915,-0.0183351462203142,0.126094525197881,-0.30774726228854
9,6,4,0.482701295233147,-0.0536514042736814,-0.121915192139753,-0.443525780612572
10,6,4,0.105988050761902,-0.00936193371742173,-0.131770201762202,-0.075715136549481
11,6,4,-0.366143609351334,0.0297443446446103,0.236163361637901,0.24449548057045
12,6,4,0.0796178561420234,-0.00739129839518223,0.00872298570931097,-0.095587897709642
1,7,4,0.297384102873544,-0.0372613147254506,0.498425585844681,-0.635015637106463
2,7,4,0.460491967051071,-0.0585517214956221,0.284082396493063,-0.672134114744276
3,7,4,-0.227476883825653,0.0172643618951898,0.104774180476742,0.318992466693755
4,7,4,-0.225105388838581,0.0159952533167006,-0.0196032286576812,0.408127114467679
5,7,4,-0.0908033685713303,0.00583351602364721,-0.0266667135651347,0.211953198050799
6,7,4,-0.0267093145567411,-0.0049750462440993,-0.256389169080294,0.425645643342984
7,7,4,0.0266363060730319,-0.00264311626306466,-0.106958105066412,0.0374134181094888
8,7,4,-0.165702958541877,0.0139663486193574,0.0864607766586162,0.17956572400062
9,7,4,0.313718763858699,-0.0347447966761571,0.16409824573401,-0.427395246336304
10,7,4,-0.174383919143898,0.0143290027709158,0.094550435443909,0.195232677457482
11,7,4,0.299893387341897,-0.0326102890807543,0.0891276520076618,-0.39177895461636
12,7,4,0.0686183853767381,-0.00707212127199574,-0.0913207010080377,0.0398827273865191
1,8,4,0.176487780897919,-0.0163830760858816,0.102597047857741,-0.32332851739809
2,8,4,0.431731122394033,-0.0486698122145005,0.0148410949217792,-0.554195636303002
3,8,4,0.088845213504382,-0.0139774501076865,-0.279027000463909,0.208723197704223
4,8,4,0.208288627286461,-0.0242751481751975,0.40737394410833,-0.502427044499588
5,8,4,0.274402293601682,-0.0279277671790463,-0.122528622494775,-0.283144021674597
6,8,4,-0.308635814425407,0.0250973021191518,0.169398019717895,0.313950760190232
7,8,4,-0.230098749634077,0.0188998531347225,0.127968217832164,0.241640706381428
8,8,4,0.14953652587428,-0.0145277813859344,0.0353732231086826,-0.217324822945761
9,8,4,0.242461518695119,-0.0274351667886687,0.266485840699157,-0.437637953751106
10,8,4,0.030158674109966,-0.00273925089460384,-0.0510655326344615,-0.00886561853846112
11,8,4,0.080750654408592,-0.0104249100252612,-0.18387482241494,0.119566504783445
12,8,4,0.0833776112203595,-0.00783923550580547,0.060920090995349,-0.142688874328405
1,9,4,0.212700909512831,-0.0148772762722089,-0.329057517260516,-0.215024436414399
2,9,4,-0.0511223922993996,0.000633725949959334,-0.119798223402368,0.24396058127937
3,9,4,0.433291496878397,-0.047870366765295,-0.0886312178018698,-0.472045622179336
4,9,4,0.019645806885878,-0.00139653606004641,-0.0153488278569165,-0.0256036751277082
5,9,4,0.485864373382085,-0.0629630615259906,0.288682020980214,-0.684902214283934
6,9,4,0.291869403306573,-0.0294667668443241,-0.200304572978841,-0.238892818360926
7,9,4,0.348826515793797,-0.0444590694947107,0.462253554517035,-0.64882633476244
8,9,4,0.1228727031524,-0.0121049529568066,0.109439662366006,-0.234110958197556
9,9,4,0.387544379940465,-0.0413697910941655,-0.0778836906867031,-0.387878892026273
10,9,4,-0.10622907326663,0.0085832442260977,0.0177736982965086,0.15467836916099
11,9,4,-0.0575453829745367,0.00459088211955054,-0.0095447330012866,0.103661091078885
12,9,4,0.0910196798675124,-0.00961129329913764,-0.16615425770409,0.0547906985549559
1,10,4,-0.212078628634263,0.0159171290544605,0.12000017480515,0.278283683452236
2,10,4,0.323060016069899,-0.0323675825922175,-0.111885372150125,-0.38214008486091
3,10,4,-0.360776913763456,0.0272866999265512,0.182044936818289,0.420470366241305
4,10,4,-0.15699681072313,0.0121072890085996,0.0556696245787274,0.222385536646599
5,10,4,0.379316665794174,-0.0487776776857545,0.42212145863362,-0.651326385812438
6,10,4,-0.191400207710427,0.0162184824807801,0.109934381958706,0.17703421931423
7,10,4,-0.182497961086671,0.014564435259287,0.0782580782378916,0.229968680809034
8,10,4,0.0495693827175348,-0.00425419084294017,0.0896466710779727,-0.169449724113892
9,10,4,-0.0783801705024204,0.00462986644784676,0.249062396414966,-0.204131037248793
10,10,4,-0.121347015198988,0.00961372085861382,0.0113714552298752,0.186412701847415
11,10,4,0.417543184728287,-0.0498798328464413,0.194167972507399,-0.549316795391601
12,10,4,-0.138465637064381,0.00972884417568743,-0.0715334991630239,0.385356645375596
